item_id,item_idx
1193,0
661,1
914,2
3408,3
2355,4
1197,5
1287,6
2804,7
594,8
919,9
595,10
938,11
2398,12
2918,13
1035,14
2791,15
2687,16
2018,17
3105,18
2797,19
2321,20
720,21
1270,22
527,23
2340,24
48,25
1097,26
1721,27
1545,28
745,29
2294,30
3186,31
1566,32
588,33
1907,34
783,35
1836,36
1022,37
2762,38
150,39
1,40
1961,41
1962,42
2692,43
260,44
1028,45
1029,46
1207,47
2028,48
531,49
3114,50
608,51
1246,52
1357,53
3068,54
1537,55
647,56
2194,57
648,58
2268,59
2628,60
1103,61
2916,62
3468,63
1210,64
1792,65
1687,66
1213,67
3578,68
2881,69
3030,70
1217,71
434,72
2126,73
3107,74
3108,75
3035,76
1253,77
1610,78
292,79
2236,80
3071,81
902,82
368,83
1259,84
3147,85
1544,86
1293,87
1188,88
3255,89
3256,90
3257,91
110,92
2278,93
2490,94
1834,95
3471,96
589,97
1690,98
3654,99
2852,100
1945,101
982,102
1873,103
2858,104
1225,105
515,106
442,107
2312,108
265,109
1408,110
1084,111
3699,112
480,113
1442,114
2067,115
1265,116
1370,117
1801,118
1372,119
2353,120
3334,121
2427,122
590,123
1196,124
1552,125
736,126
1198,127
593,128
2359,129
95,130
2717,131
2571,132
1917,133
2396,134
3735,135
1953,136
1597,137
3809,138
1954,139
1955,140
235,141
1124,142
1957,143
163,144
21,145
165,146
1090,147
380,148
2501,149
349,150
457,151
1096,152
920,153
459,154
1527,155
3418,156
1385,157
3451,158
3095,159
780,160
498,161
2728,162
2002,163
1784,164
2943,165
2006,166
318,167
1968,168
3678,169
1244,170
356,171
1245,172
3893,173
1247,174
3421,175
1641,176
1394,177
3534,178
104,179
2735,180
1431,181
3868,182
1079,183
2997,184
1615,185
1291,186
653,187
2167,188
1580,189
3619,190
1049,191
1261,192
552,193
1266,194
733,195
1378,196
1379,197
3552,198
1304,199
2470,200
3168,201
2617,202
3671,203
2871,204
2115,205
1136,206
2081,207
2951,208
1214,209
1036,210
3702,211
2366,212
1387,213
3527,214
1201,215
2947,216
1240,217
2987,218
2333,219
1175,220
39,221
288,222
2337,223
1535,224
1392,225
1466,226
860,227
1683,228
866,229
1684,230
2770,231
215,232
1759,233
501,234
506,235
1250,236
3793,237
509,238
41,239
2058,240
3799,241
47,242
2700,243
296,244
581,245
1617,246
728,247
299,248
3079,249
2560,250
1909,251
224,252
3728,253
229,254
6,255
3006,256
1046,257
800,258
50,259
52,260
1191,261
1192,262
3081,263
377,264
1268,265
3083,266
3513,267
2428,268
2282,269
3514,270
1554,271
1912,272
2716,273
1485,274
2289,275
162,276
1127,277
3016,278
2070,279
1704,280
3163,281
2437,282
2291,283
1635,284
1279,285
2721,286
2723,287
1921,288
2725,289
1923,290
2580,291
3386,292
3744,293
968,294
896,295
3020,296
1788,297
176,298
461,299
1429,300
2159,301
1715,302
1643,303
3249,304
3176,305
1719,306
2806,307
2734,308
1649,309
321,310
2013,311
3100,312
2952,313
1794,314
2599,315
1500,316
2959,317
1509,318
1722,319
1650,320
908,321
1653,322
2384,323
1729,324
3476,325
2890,326
3113,327
16,328
2029,329
194,330
551,331
1513,332
3046,333
2318,334
1517,335
1089,336
3260,337
913,338
1730,339
3409,340
2607,341
1449,342
1732,343
1733,344
2390,345
1734,346
3266,347
3267,348
3624,349
2395,350
1594,351
2683,352
412,353
2759,354
994,355
1884,356
1885,357
272,358
24,359
3051,360
348,361
2323,362
1093,363
29,364
562,365
1095,366
1529,367
2188,368
497,369
202,370
1747,371
2908,372
1966,373
3499,374
353,375
32,376
1243,377
1897,378
1171,379
3786,380
34,381
357,382
36,383
714,384
2406,385
1101,386
3717,387
1030,388
1688,389
364,390
3501,391
3072,392
3074,393
3508,394
1043,395
597,396
383,397
2506,398
3524,399
1569,400
2082,401
3600,402
3604,403
2802,404
3536,405
3753,406
3682,407
2017,408
3685,409
3610,410
1296,411
838,412
1007,413
1947,414
2966,415
266,416
17,417
1441,418
1088,419
912,420
199,421
1806,422
2469,423
2100,424
1959,425
1380,426
569,427
1674,428
3565,429
861,430
1997,431
1573,432
474,433
1221,434
2336,435
3425,436
1393,437
1682,438
508,439
3213,440
42,441
650,442
3500,443
3148,444
2702,445
1476,446
1693,447
151,448
510,449
4,450
1621,451
3155,452
58,453
2712,454
2429,455
1840,456
1916,457
1488,458
230,459
1120,460
161,461
1411,462
524,463
1059,464
454,465
1701,466
1274,467
741,468
1277,469
1639,470
3528,471
2297,472
465,473
1711,474
538,475
393,476
2442,477
73,478
3246,479
3173,480
105,481
253,482
3250,483
3252,484
476,485
111,486
3259,487
1589,488
2023,489
14,490
337,491
2314,492
2600,493
269,494
555,495
1660,496
3265,497
1735,498
3481,499
2686,500
2688,501
345,502
2320,503
25,504
2324,505
2329,506
1810,507
2541,508
1673,509
1678,510
1027,511
2699,512
282,513
367,514
223,515
3298,516
3948,517
805,518
3510,519
300,520
1777,521
3301,522
1343,523
3160,524
529,525
3452,526
1060,527
1356,528
1358,529
3178,530
3751,531
3826,532
3755,533
2302,534
1148,535
2166,536
3253,537
1584,538
1223,539
1446,540
3623,541
778,542
1669,543
3484,544
3916,545
1233,546
1307,547
3270,548
1310,549
428,550
2622,551
3358,552
3359,553
1756,554
1320,555
2124,556
2125,557
2054,558
1252,559
1254,560
3869,561
1256,562
1257,563
1831,564
3363,565
586,566
587,567
3438,568
3439,569
3296,570
2496,571
2497,572
2,573
2498,574
153,575
7,576
2133,577
2135,578
2136,579
2137,580
802,581
2138,582
1409,583
1339,584
1269,585
2640,586
592,587
596,588
3447,589
1918,590
2140,591
2072,592
1271,593
1345,594
2077,595
2078,596
1276,597
743,598
671,599
1278,600
3525,601
1927,602
2657,603
3388,604
316,605
317,606
248,607
2080,608
1282,609
1283,610
750,611
2087,612
1286,613
3608,614
2662,615
3466,616
2300,617
180,618
329,619
3034,620
186,621
2161,622
3037,623
2090,624
3039,625
2091,626
830,627
2093,628
904,629
2094,630
1292,631
2096,632
1294,633
765,634
2746,635
1009,636
1948,637
333,638
339,639
2316,640
1371,641
2174,642
1374,643
1375,644
915,645
1376,646
1377,647
916,648
918,649
1012,650
2826,651
3629,652
1015,653
1016,654
1019,655
3489,656
344,657
275,658
2252,659
277,660
923,661
924,662
3701,663
3703,664
926,665
3704,666
1020,667
784,668
858,669
1023,670
1025,671
2693,672
1967,673
351,674
2405,675
2407,676
3066,677
2193,678
932,679
1031,680
1104,681
1032,682
435,683
943,684
3723,685
1042,686
370,687
2423,688
3153,689
2424,690
3086,691
3087,692
953,693
954,694
3591,695
2863,696
3593,697
1125,698
520,699
3668,700
2795,701
1129,702
2431,703
62,704
3309,705
1633,706
2436,707
3097,708
3099,709
3812,710
2000,711
963,712
2001,713
1200,714
2003,715
1203,716
2005,717
1204,718
969,719
2872,720
3675,721
2946,722
898,723
2009,724
2874,725
899,726
1135,727
2948,728
539,729
2371,730
3247,731
3174,732
3175,733
2375,734
2378,735
971,736
2011,737
2012,738
2015,739
1215,740
1073,741
3688,742
541,743
542,744
543,745
3254,746
2453,747
2529,748
1654,749
1583,750
3189,751
116,752
1586,753
2021,754
1220,755
1080,756
2967,757
2968,758
2530,759
3264,760
3194,761
2393,762
3198,763
2399,764
1302,765
1230,766
2105,767
2033,768
2108,769
1234,770
2109,771
1091,772
3347,773
203,774
1676,775
208,776
2111,777
2040,778
2041,779
3928,780
2043,781
2045,782
2046,783
2047,784
2049,785
1753,786
216,787
2706,788
2639,789
2710,790
663,791
3448,792
231,793
2076,794
246,795
249,796
1288,797
3396,798
3101,799
2598,800
2306,801
764,802
342,803
1887,804
2325,805
3129,806
2907,807
788,808
2766,809
2335,810
1461,811
3146,812
1546,813
440,814
441,815
2507,816
1563,817
1498,818
2883,819
3182,820
85,821
88,822
986,823
481,824
2539,825
1665,826
2106,827
708,828
3362,829
813,830
3897,831
934,832
3658,833
1303,834
999,835
2616,836
3785,837
1331,838
1262,839
2641,840
3036,841
3479,842
10,843
2822,844
3494,845
421,846
3070,847
2414,848
1479,849
517,850
952,851
60,852
3745,853
2370,854
1216,855
2528,856
1587,857
3269,858
3417,859
3354,860
1263,861
2572,862
2731,863
3033,864
2243,865
2694,866
2920,867
1982,868
2976,869
2485,870
141,871
3798,872
2707,873
2567,874
3004,875
3005,876
2719,877
160,878
748,879
2724,880
2581,881
1783,882
1422,883
3461,884
3535,885
257,886
832,887
762,888
2676,889
1883,890
2763,891
3566,892
2764,893
1892,894
1608,895
1396,896
2840,897
2841,898
3646,899
500,900
3145,901
2272,902
2273,903
1619,904
1625,905
1487,906
1702,907
2433,908
70,909
1644,910
1645,911
2882,912
2387,913
2389,914
2961,915
553,916
628,917
3261,918
2605,919
1804,920
1805,921
2391,922
2394,923
3773,924
1092,925
1672,926
2555,927
2629,928
2701,929
2568,930
2713,931
1911,932
3516,933
2643,934
2720,935
2722,936
2805,937
2828,938
2761,939
2856,940
2369,941
2888,942
2392,943
2975,944
1179,945
2553,946
2554,947
3932,948
3863,949
1185,950
3503,951
3879,952
3375,953
1779,954
164,955
3457,956
319,957
247,958
1428,959
1284,960
2660,961
2661,962
2663,963
2664,964
2667,965
2668,966
3032,967
2311,968
2173,969
198,970
2752,971
340,972
3700,973
2901,974
3638,975
30,976
1601,977
3713,978
2912,979
3576,980
503,981
293,982
1614,983
2346,984
942,985
446,986
1624,987
3156,988
2287,989
2288,990
3662,991
3594,992
3300,993
1206,994
1069,995
76,996
2377,997
2010,998
3827,999
610,1000
1077,1001
2526,1002
2527,1003
2454,1004
2455,1005
3696,1006
2533,1007
1301,1008
707,1009
2613,1010
2542,1011
496,1012
2549,1013
1748,1014
3927,1015
2116,1016
2117,1017
2985,1018
2989,1019
2123,1020
2052,1021
2993,1022
1186,1023
222,1024
158,1025
3877,1026
2139,1027
3440,1028
737,1029
2718,1030
2573,1031
302,1032
232,1033
2141,1034
2142,1035
168,1036
2143,1037
2145,1038
1344,1039
3889,1040
1275,1041
3526,1042
313,1043
2153,1044
2083,1045
2085,1046
2089,1047
2807,1048
2739,1049
3397,1050
3398,1051
3399,1052
327,1053
1367,1054
839,1055
1005,1056
405,1057
1876,1058
261,1059
262,1060
2248,1061
1013,1062
1882,1063
1956,1064
26,1065
2253,1066
3705,1067
3633,1068
3635,1069
1960,1070
3639,1071
2402,1072
2404,1073
1606,1074
1391,1075
1033,1076
291,1077
44,1078
2348,1079
940,1080
2421,1081
2422,1082
1126,1083
1562,1084
1499,1085
1064,1086
532,1087
466,1088
2373,1089
2014,1090
2953,1091
2019,1092
616,1093
546,1094
2450,1095
475,1096
86,1097
2020,1098
2025,1099
2893,1100
3698,1101
485,1102
1591,1103
1739,1104
3911,1105
1094,1106
493,1107
2042,1108
1242,1109
3930,1110
1321,1111
2990,1112
2991,1113
1327,1114
1258,1115
2633,1116
2638,1117
1407,1118
1334,1119
2064,1120
2644,1121
2646,1122
2647,1123
2574,1124
1772,1125
2648,1126
2649,1127
1340,1128
2653,1129
1350,1130
2160,1131
330,1132
1373,1133
842,1134
785,1135
2836,1136
420,1137
3208,1138
2338,1139
2195,1140
1974,1141
879,1142
2782,1143
2789,1144
3082,1145
2860,1146
2790,1147
3596,1148
1994,1149
2502,1150
2367,1151
2296,1152
2004,1153
2949,1154
1717,1155
2376,1156
3752,1157
1219,1158
3325,1159
1655,1160
2103,1161
3273,1162
1694,1163
1468,1164
585,1165
3000,1166
2800,1167
3053,1168
3268,1169
3774,1170
3355,1171
1754,1172
145,1173
1689,1174
2122,1175
2134,1176
1405,1177
3017,1178
1347,1179
818,1180
3450,1181
678,1182
312,1183
173,1184
2150,1185
1425,1186
3896,1187
1799,1188
256,1189
185,1190
2163,1191
1438,1192
833,1193
2671,1194
910,1195
2249,1196
771,1197
849,1198
3120,1199
3052,1200
2189,1201
786,1202
429,1203
2263,1204
2265,1205
1034,1206
798,1207
799,1208
1037,1209
3210,1210
2413,1211
2416,1212
1047,1213
3660,1214
3661,1215
2792,1216
1991,1217
2794,1218
65,1219
1205,1220
3243,1221
2374,1222
473,1223
81,1224
3258,1225
112,1226
3835,1227
1222,1228
3917,1229
2478,1230
1248,1231
1249,1232
3420,1233
3505,1234
1189,1235
3507,1236
3435,1237
659,1238
2202,1239
1267,1240
1199,1241
2642,1242
1845,1243
3952,1244
2148,1245
2149,1246
3521,1247
674,1248
2726,1249
2808,1250
3104,1251
187,1252
903,1253
3618,1254
3474,1255
11,1256
2241,1257
3044,1258
196,1259
911,1260
2176,1261
3551,1262
3556,1263
1958,1264
2322,1265
2259,1266
1388,1267
3634,1268
3708,1269
1965,1270
2409,1271
2917,1272
431,1273
2410,1274
2411,1275
45,1276
2419,1277
951,1278
521,1279
3740,1280
3741,1281
2511,1282
1212,1283
1218,1284
3763,1285
1227,1286
556,1287
3338,1288
125,1289
3770,1290
1306,1291
2973,1292
3920,1293
1313,1294
2118,1295
2119,1296
3424,1297
3361,1298
2132,1299
303,1300
2144,1301
175,1302
2301,1303
2245,1304
2757,1305
3707,1306
425,1307
2915,1308
372,1309
2352,1310
1057,1311
468,1312
1663,1313
2709,1314
157,1315
1920,1316
688,1317
3676,1318
3422,1319
3423,1320
719,1321
3426,1322
3287,1323
2558,1324
217,1325
2053,1326
2059,1327
724,1328
3502,1329
3506,1330
3360,1331
1833,1332
3,1333
5,1334
804,1335
3441,1336
234,1337
236,1338
237,1339
2146,1340
673,1341
315,1342
2154,1343
1285,1344
252,1345
3614,1346
1298,1347
3543,1348
1003,1349
694,1350
3040,1351
2313,1352
267,1353
195,1354
2247,1355
1880,1356
413,1357
416,1358
1888,1359
276,1360
278,1361
1381,1362
1457,1363
852,1364
2906,1365
1021,1366
350,1367
424,1368
3130,1369
2403,1370
3206,1371
3063,1372
2261,1373
38,1374
2262,1375
1463,1376
1390,1377
2266,1378
2269,1379
1100,1380
432,1381
2779,1382
361,1383
2412,1384
1541,1385
3219,1386
2418,1387
3584,1388
511,1389
518,1390
445,1391
2420,1392
3152,1393
378,1394
1556,1395
3590,1396
450,1397
2798,1398
381,1399
455,1400
1703,1401
3308,1402
64,1403
3098,1404
2942,1405
2875,1406
605,1407
609,1408
463,1409
1713,1410
1640,1411
467,1412
74,1413
3248,1414
2447,1415
2950,1416
3684,1417
3686,1418
612,1419
540,1420
3689,1421
471,1422
472,1423
2459,1424
1588,1425
118,1426
3690,1427
550,1428
3331,1429
3263,1430
487,1431
2463,1432
94,1433
122,1434
1593,1435
3846,1436
491,1437
3274,1438
2473,1439
499,1440
207,1441
135,1442
1180,1443
3364,1444
2066,1445
3469,1446
905,1447
922,1448
2186,1449
930,1450
947,1451
3730,1452
955,1453
528,1454
3683,1455
1237,1456
2550,1457
144,1458
901,1459
906,1460
3548,1461
334,1462
846,1463
928,1464
1208,1465
1224,1466
3366,1467
3370,1468
1785,1469
3102,1470
3062,1471
3726,1472
2363,1473
2944,1474
3836,1475
3769,1476
1085,1477
3405,1478
2534,1479
3197,1480
494,1481
1176,1482
3943,1483
3949,1484
1922,1485
3554,1486
1041,1487
1657,1488
2544,1489
2208,1490
2065,1491
3012,1492
3022,1493
3028,1494
1281,1495
3462,1496
1937,1497
1297,1498
2747,1499
921,1500
3200,1501
933,1502
3640,1503
1976,1504
946,1505
2922,1506
2780,1507
3088,1508
957,1509
2935,1510
2936,1511
3096,1512
961,1513
2870,1514
3244,1515
1235,1516
3341,1517
3349,1518
3429,1519
3286,1520
28,1521
3159,1522
3821,1523
3787,1524
1680,1525
3935,1526
1183,1527
3504,1528
2637,1529
2565,1530
154,1531
1699,1532
2206,1533
1333,1534
3018,1535
3019,1536
2071,1537
1272,1538
1348,1539
2650,1540
2303,1541
1295,1542
907,1543
1299,1544
3546,1545
2817,1546
2674,1547
1946,1548
3110,1549
3111,1550
2178,1551
1017,1552
3121,1553
2183,1554
927,1555
3498,1556
3203,1557
3204,1558
1464,1559
931,1560
2344,1561
2921,1562
949,1563
3727,1564
2926,1565
3587,1566
3733,1567
2932,1568
2867,1569
3599,1570
3230,1571
3167,1572
3169,1573
2941,1574
1130,1575
1061,1576
3681,1577
3760,1578
3693,1579
1152,1580
1086,1581
2467,1582
1300,1583
3844,1584
1231,1585
3340,1586
2612,1587
565,1588
3271,1589
2983,1590
1835,1591
3387,1592
837,1593
1895,1594
3712,1595
3597,1596
2796,1597
2432,1598
2379,1599
2380,1600
2382,1601
2383,1602
2471,1603
1251,1604
2708,1605
1760,1606
3365,1607
155,1608
3871,1609
803,1610
1264,1611
3512,1612
2575,1613
1419,1614
824,1615
2088,1616
2732,1617
3467,1618
2238,1619
2239,1620
3473,1621
3549,1622
1949,1623
2171,1624
2682,1625
3567,1626
1964,1627
3060,1628
2331,1629
3061,1630
863,1631
2919,1632
3649,1633
945,1634
3725,1635
948,1636
3091,1637
965,1638
3320,1639
1078,1640
2385,1641
3831,1642
1081,1643
2969,1644
123,1645
1162,1646
2611,1647
2474,1648
3852,1649
1172,1650
3788,1651
1827,1652
233,1653
172,1654
178,1655
2155,1656
2815,1657
1875,1658
3480,1659
2250,1660
3706,1661
1963,1662
1603,1663
2334,1664
1395,1665
2774,1666
507,1667
3142,1668
1616,1669
449,1670
1480,1671
1147,1672
3697,1673
3196,1674
2972,1675
2540,1676
3864,1677
1977,1678
1353,1679
691,1680
2677,1681
13,1682
779,1683
1894,1684
46,1685
1620,1686
92,1687
490,1688
2772,1689
3157,1690
2027,1691
3519,1692
2669,1693
258,1694
2816,1695
2748,1696
3628,1697
3643,1698
2430,1699
897,1700
976,1701
2524,1702
3406,1703
2537,1704
3412,1705
1658,1706
2546,1707
3937,1708
1924,1709
1518,1710
3555,1711
2681,1712
2408,1713
379,1714
3802,1715
880,1716
3807,1717
66,1718
3758,1719
2520,1720
2456,1721
1590,1722
2034,1723
3780,1724
2986,1725
3011,1726
2097,1727
3612,1728
1952,1729
2846,1730
1983,1731
1984,1732
1985,1733
1986,1734
891,1735
107,1736
3251,1737
2460,1738
2461,1739
2462,1740
3771,1741
2107,1742
2110,1743
1821,1744
3284,1745
140,1746
218,1747
3436,1748
2491,1749
2492,1750
2205,1751
3873,1752
3874,1753
1914,1754
305,1755
1414,1756
753,1757
2738,1758
900,1759
2168,1760
3540,1761
909,1762
697,1763
3045,1764
1014,1765
2829,1766
1018,1767
1453,1768
1600,1769
355,1770
35,1771
287,1772
289,1773
2339,1774
1398,1775
937,1776
2849,1777
2415,1778
2417,1779
3076,1780
371,1781
447,1782
2426,1783
2356,1784
1632,1785
2292,1786
3814,1787
2443,1788
469,1789
1571,1790
2884,1791
1226,1792
1083,1793
489,1794
2468,1795
1666,1796
2037,1797
633,1798
492,1799
566,1800
205,1801
1677,1802
3939,1803
1969,1804
1970,1805
1971,1806
1972,1807
1973,1808
1975,1809
1978,1810
1979,1811
366,1812
1980,1813
1981,1814
3677,1815
2523,1816
575,1817
2050,1818
599,1819
2152,1820
1359,1821
829,1822
835,1823
836,1824
1526,1825
1459,1826
2401,1827
1602,1828
1474,1829
3404,1830
2531,1831
2532,1832
991,1833
996,1834
1752,1835
1762,1836
239,1837
170,1838
1931,1839
1797,1840
3615,1841
1944,1842
3477,1843
336,1844
15,1845
19,1846
1010,1847
1011,1848
3483,1849
2827,1850
410,1851
346,1852
419,1853
423,1854
280,1855
360,1856
2857,1857
513,1858
514,1859
516,1860
374,1861
54,1862
376,1863
453,1864
533,1865
534,1866
2016,1867
2965,1868
486,1869
3926,1870
159,1871
1054,1872
89,1873
3861,1874
3509,1875
3390,1876
3616,1877
23,1878
2007,1879
1337,1880
2500,1881
3617,1882
3553,1883
886,1884
93,1885
1177,1886
571,1887
718,1888
2120,1889
1184,1890
580,1891
1190,1892
735,1893
1342,1894
1417,1895
1352,1896
1280,1897
2232,1898
2162,1899
2165,1900
1290,1901
1365,1902
766,1903
2315,1904
2328,1905
2264,1906
3067,1907
1609,1908
1611,1909
3078,1910
2349,1911
1623,1912
1627,1913
1483,1914
950,1915
3307,1916
3092,1917
893,1918
2517,1919
100,1920
3179,1921
1648,1922
3326,1923
1726,1924
2606,1925
126,1926
3342,1927
1816,1928
3285,1929
1686,1930
148,1931
3437,1932
1769,1933
1913,1934
1848,1935
307,1936
309,1937
242,1938
177,1939
3605,1940
3464,1941
3393,1942
322,1943
326,1944
184,1945
259,1946
188,1947
3478,1948
190,1949
193,1950
18,1951
268,1952
3620,1953
3550,1954
2750,1955
1950,1956
3557,1957
341,1958
415,1959
22,1960
427,1961
281,1962
358,1963
3571,1964
436,1965
290,1966
365,1967
2851,1968
2781,1969
2787,1970
519,1971
448,1972
55,1973
1051,1974
2793,1975
522,1976
382,1977
456,1978
3747,1979
1211,1980
2956,1981
611,1982
617,1983
3764,1984
482,1985
3918,1986
3919,1987
1305,1988
2038,1989
561,1990
2112,1991
2114,1992
1173,1993
3049,1994
3217,1995
2788,1996
3672,1997
2786,1998
3794,1999
3797,2000
2310,2001
3820,2002
3694,2003
1228,2004
2057,2005
3024,2006
695,2007
2184,2008
2364,2009
2365,2010
3328,2011
2615,2012
1862,2013
2744,2014
3663,2015
3664,2016
392,2017
2891,2018
3923,2019
2147,2020
1421,2021
3201,2022
3134,2023
3224,2024
3089,2025
959,2026
978,2027
3185,2028
3414,2029
3350,2030
314,2031
1935,2032
3545,2033
2670,2034
1951,2035
3655,2036
3808,2037
3811,2038
3742,2039
3816,2040
1066,2041
615,2042
3910,2043
1241,2044
113,2045
1731,2046
2583,2047
3882,2048
3238,2049
3316,2050
3190,2051
3511,2052
3564,2053
3743,2054
3908,2055
3784,2056
3789,2057
2130,2058
1401,2059
806,2060
2069,2061
2212,2062
3015,2063
2079,2064
3103,2065
3109,2066
1432,2067
1363,2068
1366,2069
2177,2070
848,2071
1450,2072
782,2073
929,2074
2341,2075
1477,2076
1629,2077
956,2078
2435,2079
2290,2080
960,2081
3317,2082
974,2083
1727,2084
2457,2085
3330,2086
2472,2087
132,2088
3430,2089
225,2090
3518,2091
3529,2092
2729,2093
3602,2094
1934,2095
1938,2096
254,2097
182,2098
3613,2099
2819,2100
2820,2101
2755,2102
418,2103
279,2104
437,2105
3724,2106
3729,2107
1050,2108
3738,2109
2939,2110
451,2111
2940,2112
1209,2113
78,2114
79,2115
82,2116
1082,2117
3841,2118
1161,2119
1099,2120
3929,2121
640,2122
3007,2123
3115,2124
2505,2125
1707,2126
166,2127
2596,2128
2672,2129
2678,2130
1416,2131
2913,2132
9,2133
2803,2134
1919,2135
637,2136
973,2137
1939,2138
2929,2139
3112,2140
3069,2141
1926,2142
2690,2143
2434,2144
2439,2145
1904,2146
40,2147
2995,2148
43,2149
2979,2150
1187,2151
3124,2152
8,2153
692,2154
2170,2155
2196,2156
2448,2157
990,2158
2625,2159
3444,2160
240,2161
1858,2162
1004,2163
2879,2164
464,2165
3767,2166
3768,2167
704,2168
869,2169
2357,2170
577,2171
801,2172
2092,2173
3054,2174
1460,2175
1551,2176
2354,2177
1489,2178
885,2179
1495,2180
1582,2181
3400,2182
1592,2183
2559,2184
146,2185
238,2186
169,2187
181,2188
502,2189
362,2190
87,2191
2899,2192
558,2193
700,2194
2036,2195
631,2196
709,2197
711,2198
3946,2199
3898,2200
3710,2201
536,2202
3783,2203
2771,2204
1131,2205
3282,2206
2499,2207
156,2208
3606,2209
417,2210
1024,2211
298,2212
72,2213
84,2214
2971,2215
568,2216
2873,2217
2024,2218
1178,2219
1260,2220
3093,2221
2924,2222
69,2223
2519,2224
2861,2225
941,2226
3324,2227
3299,2228
3825,2229
3914,2230
3859,2231
754,2232
3118,2233
583,2234
2157,2235
2347,2236
3384,2237
438,2238
1112,2239
390,2240
2927,2241
2060,2242
1437,2243
2190,2244
3141,2245
2279,2246
2582,2247
12,2248
294,2249
373,2250
63,2251
2880,2252
477,2253
2073,2254
1238,2255
810,2256
3895,2257
2084,2258
2169,2259
1605,2260
3225,2261
1595,2262
1750,2263
2566,2264
3515,2265
2714,2266
3453,2267
3454,2268
1881,2269
2876,2270
3824,2271
2102,2272
3776,2273
2978,2274
2048,2275
667,2276
1599,2277
2476,2278
204,2279
1681,2280
2818,2281
3933,2282
1349,2283
3837,2284
1542,2285
2203,2286
3870,2287
2204,2288
2210,2289
1507,2290
936,2291
944,2292
1596,2293
1929,2294
1936,2295
1940,2296
2904,2297
3736,2298
2937,2299
1824,2300
2938,2301
3901,2302
2535,2303
3936,2304
71,2305
3791,2306
3872,2307
851,2308
3177,2309
3357,2310
1755,2311
3580,2312
2877,2313
3754,2314
3915,2315
2285,2316
998,2317
3029,2318
1515,2319
2181,2320
1661,2321
1925,2322
1942,2323
1167,2324
3938,2325
3913,2326
3925,2327
2098,2328
2231,2329
2280,2330
1860,2331
1325,2332
2182,2333
3883,2334
3327,2335
2099,2336
3537,2337
1995,2338
2121,2339
1322,2340
1326,2341
1328,2342
1329,2343
3941,2344
3942,2345
3013,2346
2327,2347
3138,2348
2368,2349
2515,2350
2451,2351
2525,2352
3403,2353
2634,2354
2635,2355
2645,2356
2652,2357
2736,2358
2665,2359
324,2360
251,2361
328,2362
332,2363
407,2364
273,2365
3491,2366
3659,2367
1987,2368
1988,2369
3806,2370
1992,2371
1128,2372
1993,2373
1996,2374
1999,2375
2878,2376
606,2377
2026,2378
3840,2379
3843,2380
2104,2381
3921,2382
2113,2383
892,2384
241,2385
3538,2386
3934,2387
742,2388
3792,2389
3014,2390
1355,2391
1389,2392
2260,2393
2267,2394
3211,2395
875,2396
3304,2397
2518,2398
101,2399
2381,2400
1807,2401
2551,2402
1841,2403
3389,2404
3465,2405
2741,2406
2745,2407
2749,2408
20,2409
3497,2410
2928,2411
2866,2412
458,2413
387,2414
603,2415
544,2416
3766,2417
3849,2418
3125,2419
1415,2420
171,2421
1879,2422
1063,2423
715,2424
3865,2425
3795,2426
3150,2427
2284,2428
2561,2429
1889,2430
2769,2431
3720,2432
3822,2433
3756,2434
3857,2435
3132,2436
3073,2437
3311,2438
1404,2439
1439,2440
1472,2441
1647,2442
1662,2443
1053,2444
384,2445
2458,2446
2654,2447
1855,2448
645,2449
574,2450
649,2451
665,2452
668,2453
1354,2454
781,2455
117,2456
2609,2457
3416,2458
211,2459
147,2460
1900,2461
306,2462
1859,2463
2696,2464
2697,2465
2925,2466
3819,2467
3746,2468
535,2469
627,2470
97,2471
2361,2472
3064,2473
129,2474
1670,2475
3579,2476
3884,2477
3719,2478
512,2479
548,2480
1289,2481
1454,2482
793,2483
3094,2484
1856,2485
1932,2486
3392,2487
3395,2488
1111,2489
3813,2490
549,2491
2998,2492
2360,2493
213,2494
206,2495
2495,2496
3539,2497
3627,2498
3679,2499
1941,2500
3801,2501
3135,2502
935,2503
3371,2504
2570,2505
2801,2506
2862,2507
3834,2508
3853,2509
3855,2510
1194,2511
760,2512
1667,2513
808,2514
2086,2515
2240,2516
1445,2517
3214,2518
870,2519
2626,2520
3431,2521
3432,2522
3433,2523
3434,2524
2494,2525
227,2526
3385,2527
3394,2528
1008,2529
408,2530
338,2531
426,2532
3585,2533
460,2534
3117,2535
1516,2536
3055,2537
3077,2538
3192,2539
3272,2540
3275,2541
2621,2542
1910,2543
308,2544
2730,2545
320,2546
2594,2547
2812,2548
3625,2549
3718,2550
363,2551
2859,2552
1123,2553
1055,2554
1202,2555
391,2556
3903,2557
3906,2558
3858,2559
759,2560
3860,2561
3950,2562
1502,2563
1539,2564
1612,2565
3302,2566
1564,2567
987,2568
2482,2569
1767,2570
179,2571
1896,2572
3581,2573
3598,2574
68,2575
3749,2576
3823,2577
2962,2578
1236,2579
638,2580
325,2581
274,2582
1581,2583
3415,2584
3470,2585
1273,2586
2255,2587
2295,2588
3199,2589
209,2590
271,2591
2905,2592
352,2593
2977,2594
564,2595
639,2596
1812,2597
1998,2598
2988,2599
2068,2600
670,2601
1361,2602
2330,2603
214,2604
523,2605
602,2606
83,2607
2022,2608
809,2609
1456,2610
1604,2611
1465,2612
1473,2613
1475,2614
1497,2615
2514,2616
2516,2617
1744,2618
2548,2619
1902,2620
152,2621
1771,2622
1866,2623
2597,2624
1869,2625
3709,2626
2835,2627
1119,2628
479,2629
2898,2630
2974,2631
3782,2632
2996,2633
1255,2634
3520,2635
2656,2636
2666,2637
2035,2638
3922,2639
3924,2640
831,2641
1613,2642
2504,2643
2513,2644
984,2645
3401,2646
3262,2647
3673,2648
3674,2649
201,2650
876,2651
2372,2652
3329,2653
1728,2654
1928,2655
2587,2656
1933,2657
255,2658
1943,2659
3475,2660
1169,2661
3002,2662
669,2663
3010,2664
3951,2665
1413,2666
3885,2667
680,2668
3038,2669
3047,2670
2180,2671
3075,2672
2351,2673
3235,2674
1631,2675
3090,2676
3241,2677
2512,2678
2440,2679
1572,2680
970,2681
3188,2682
2488,2683
2630,2684
3379,2685
2579,2686
3456,2687
2659,2688
183,2689
3547,2690
2824,2691
3559,2692
2689,2693
2830,2694
3568,2695
3731,2696
2864,2697
1132,2698
1068,2699
3680,2700
99,2701
2970,2702
1232,2703
3127,2704
2271,2705
3281,2706
2590,2707
1044,2708
3041,2709
3391,2710
3715,2711
3144,2712
1825,2713
31,2714
1323,2715
2475,2716
3449,2717
2552,2718
573,2719
2994,2720
3008,2721
685,2722
3128,2723
1397,2724
1399,2725
2276,2726
1547,2727
1482,2728
1725,2729
988,2730
2610,2731
1811,2732
2479,2733
2493,2734
2711,2735
301,2736
3711,2737
369,2738
57,2739
388,2740
613,2741
2963,2742
621,2743
483,2744
3839,2745
409,2746
3886,2747
761,2748
1626,2749
2614,2750
504,2751
3810,2752
547,2753
2894,2754
137,2755
3909,2756
747,2757
3867,2758
3796,2759
725,2760
3031,2761
2305,2762
1503,2763
767,2764
2425,2765
3158,2766
3181,2767
2624,2768
2483,2769
1844,2770
3459,2771
2585,2772
3532,2773
1867,2774
2768,2775
2844,2776
1105,2777
1058,2778
525,2779
80,2780
3902,2781
488,2782
632,2783
635,2784
495,2785
1646,2786
1550,2787
2445,2788
27,2789
295,2790
3761,2791
3162,2792
1874,2793
2865,2794
1346,2795
3180,2796
1746,2797
2651,2798
1854,2799
174,2800
191,2801
414,2802
354,2803
430,2804
433,2805
2889,2806
710,2807
1642,2808
2589,2809
3945,2810
2307,2811
3165,2812
3653,2813
3947,2814
149,2815
2785,2816
1427,2817
917,2818
1523,2819
1531,2820
1410,2821
2809,2822
1317,2823
2051,2824
2151,2825
3042,2826
3043,2827
3048,2828
2345,2829
2286,2830
3161,2831
964,2832
102,2833
119,2834
131,2835
3427,2836
1839,2837
1857,2838
1863,2839
3622,2840
3496,2841
505,2842
444,2843
3804,2844
537,2845
3695,2846
2031,2847
2032,2848
2900,2849
1484,2850
1076,2851
570,2852
662,2853
1533,2854
877,2855
1585,2856
3343,2857
263,2858
3562,2859
3716,2860
1114,2861
1150,2862
2964,2863
2062,2864
3050,2865
3563,2866
2839,2867
3851,2868
2075,2869
3544,2870
751,2871
1508,2872
3221,2873
958,2874
128,2875
3577,2876
2008,2877
77,2878
3830,2879
2897,2880
3854,2881
250,2882
3215,2883
3222,2884
3171,2885
3714,2886
3586,2887
3734,2888
2704,2889
1382,2890
3139,2891
2477,2892
3367,2893
2655,2894
3487,2895
2902,2896
3732,2897
210,2898
2627,2899
3667,2900
1870,2901
2751,2902
3765,2903
3572,2904
2799,2905
619,2906
2848,2907
1598,2908
3931,2909
2992,2910
1330,2911
1335,2912
3021,2913
841,2914
3058,2915
3351,2916
2636,2917
2740,2918
3488,2919
2903,2920
3573,2921
2784,2922
3833,2923
3838,2924
3692,2925
2095,2926
3339,2927
2362,2928
2388,2929
3569,2930
882,2931
3345,2932
2886,2933
3777,2934
1496,2935
656,2936
3318,2937
3335,2938
3344,2939
2545,2940
1743,2941
1695,2942
3490,2943
2855,2944
1989,2945
1990,2946
2868,2947
600,2948
3372,2949
840,2950
867,2951
2446,2952
1679,2953
1822,2954
3531,2955
3645,2956
3669,2957
1362,2958
3446,2959
681,2960
1332,2961
3276,2962
3133,2963
3310,2964
3665,2965
3781,2966
1826,2967
343,2968
484,2969
2219,2970
2256,2971
3106,2972
2237,2973
2521,2974
2386,2975
3289,2976
3445,2977
331,2978
375,2979
722,2980
3894,2981
2843,2982
1163,2983
1525,2984
3239,2985
1490,2986
3240,2987
243,2988
1798,2989
470,2990
1351,2991
1511,2992
2175,2993
2281,2994
2293,2995
1651,2996
3183,2997
997,2998
2620,2999
1791,3000
1006,3001
335,3002
422,3003
75,3004
2885,3005
2400,3006
1067,3007
2733,3008
1153,3009
2810,3010
49,3011
939,3012
1817,3013
1749,3014
3670,3015
124,3016
228,3017
2767,3018
283,3019
478,3020
2298,3021
881,3022
3626,3023
807,3024
2055,3025
2896,3026
1906,3027
96,3028
1406,3029
3817,3030
1341,3031
2465,3032
2754,3033
3637,3034
2853,3035
746,3036
2618,3037
3374,3038
106,3039
1809,3040
1455,3041
705,3042
2715,3043
1758,3044
828,3045
2837,3046
626,3047
1865,3048
3739,3049
2179,3050
3912,3051
2074,3052
3790,3053
3428,3054
2847,3055
2854,3056
3832,3057
3691,3058
2128,3059
1336,3060
2326,3061
2737,3062
3721,3063
2044,3064
2982,3065
2275,3066
1837,3067
1113,3068
347,3069
1440,3070
411,3071
2931,3072
3892,3073
3122,3074
3143,3075
3368,3076
2481,3077
2201,3078
1656,3079
1312,3080
1000,3081
212,3082
1412,3083
462,3084
121,3085
1893,3086
716,3087
2586,3088
2522,3089
3900,3090
2056,3091
2131,3092
731,3093
1447,3094
3805,3095
1501,3096
103,3097
2778,3098
1056,3099
61,3100
2834,3101
200,3102
270,3103
1899,3104
2158,3105
3737,3106
1087,3107
2743,3108
114,3109
3940,3110
443,3111
2211,3112
2227,3113
992,3114
3442,3115
1853,3116
2164,3117
3313,3118
2753,3119
3632,3120
3611,3121
3878,3122
888,3123
1570,3124
3759,3125
3775,3126
3848,3127
3137,3128
297,3129
1565,3130
3588,3131
1549,3132
1692,3133
1168,3134
3862,3135
2892,3136
3025,3137
3463,3138
1170,3139
304,3140
2452,3141
2842,3142
3223,3143
1846,3144
1458,3145
2466,3146
2536,3147
386,3148
554,3149
850,3150
1117,3151
2577,3152
2773,3153
385,3154
2593,3155
1696,3156
2397,3157
2756,3158
3845,3159
3306,3160
1494,3161
2509,3162
2727,3163
244,3164
2914,3165
2185,3166
2187,3167
1864,3168
2215,3169
1493,3170
1829,3171
2675,3172
1151,3173
1793,3174
3570,3175
3880,3176
1668,3177
1814,3178
3495,3179
3319,3180
359,3181
2945,3182
925,3183
2283,3184
2449,3185
452,3186
1575,3187
2691,3188
2813,3189
2191,3190
3218,3191
3402,3192
3850,3193
3333,3194
2981,3195
220,3196
1426,3197
2350,3198
1144,3199
394,3200
702,3201
2246,3202
1154,3203
1504,3204
2197,3205
1574,3206
3574,3207
2775,3208
389,3209
1671,3210
1324,3211
189,3212
1898,3213
2758,3214
1038,3215
2923,3216
3847,3217
3757,3218
2257,3219
3492,3220
563,3221
2441,3222
245,3223
1872,3224
1116,3225
862,3226
197,3227
567,3228
962,3229
2209,3230
703,3231
967,3232
3486,3233
3642,3234
1850,3235
2776,3236
769,3237
1675,3238
1121,3239
1181,3240
3644,3241
2221,3242
864,3243
219,3244
3419,3245
2632,3246
2101,3247
1878,3248
3283,3249
1520,3250
1770,3251
2783,3252
